SensorId, TimeStamp (s), FrameNumber, AccX (g), AccY (g), AccZ (g), GyroX (deg/s), GyroY (deg/s), GyroZ (deg/s), MagX (uT), MagY (uT), MagZ (uT), EulerX (deg), EulerY (deg), EulerZ (deg), QuatW, QuatX, QuatY, QuatZ, LinAccX (g), LinAccY (g), LinAccZ (g), Pressure (kPa), Altitude (m), Temperature (degC), HeaveMotion (m)
5, 0.0002, 0, 1.14130664, -0.01955802, -0.02302441, 10.49335957, -151.83308411, 213.33598328, 17.21718788, 40.25138855, -88.80444336, -5.16549873, 57.37480545, 5.36947775, 0.87438560, 0.06194947, -0.47716480, -0.06265654, 0.14607897, 0.04900753, 0.36067694, 0.00000000, 0.00000000, 0.00000000, 0.00000000
5, 0.0102, 1, 1.14351141, -0.09756976, 0.03313236, 8.68413448, -164.16067505, 219.12922668, 17.18795586, 37.35749817, -89.94445801, -6.27432823, 60.05167389, 4.33586645, 0.86284781, 0.06624893, -0.49749035, -0.06006785, 0.15529849, -0.03919572, 0.39205733, 0.00000000, 0.00000000, 0.00000000, 0.00000000
5, 0.0202, 2, 1.04417086, -0.13821357, 0.08307442, 1.04280782, -169.14456177, 225.25935364, 17.18795586, 37.35749817, -89.94445801, -7.54764318, 62.80204773, 3.19959736, 0.85040146, 0.07067097, -0.51812398, -0.05805703, 0.24089016, -0.09774404, 0.35664636, 0.00000000, 0.00000000, 0.00000000, 0.00000000
5, 0.0302, 3, 0.83281541, -0.12460335, 0.09819475, -8.52482414, -158.61209106, 226.36830139, 17.94796753, 35.80824280, -91.81525421, -9.12891865, 65.47796631, 1.88601315, 0.83765352, 0.07580196, -0.53792268, -0.05683183, 0.40151167, -0.09356478, 0.23974907, 0.00000000, 0.00000000, 0.00000000, 0.00000000
5, 0.0402, 4, 0.73388004, -0.11173645, 0.03438483, -17.42752647, -139.64672852, 221.72842407, 17.21718788, 34.22975540, -92.92604065, -10.81992054, 62.89112473, 3.00489926, 0.84775448, 0.09402475, -0.51707673, -0.07143786, 0.43957517, -0.02918160, 0.16135660, 0.00000000, 0.00000000, 0.00000000, 0.00000000
5, 0.0502, 5, 0.76931530, -0.11442885, -0.10689873, -24.28496742, -127.02484131, 215.07107544, 18.03566170, 31.94972229, -93.77375031, -12.72817039, 65.24215698, 1.56339455, 0.83617085, 0.10066099, -0.53443497, -0.07116919, 0.32755679, 0.08736525, 0.11254378, 0.00000000, 0.00000000, 0.00000000, 0.00000000
5, 0.0602, 6, 0.73474622, -0.13599855, -0.25470361, -28.29322433, -127.17484283, 205.30389404, 17.86027527, 28.52966881, -95.00145721, -14.73367596, 67.52014923, 0.00633812, 0.82450563, 0.10663031, -0.55112320, -0.07130041, 0.26805764, 0.18458128, 0.05461553, 0.00000000, 0.00000000, 0.00000000, 0.00000000
5, 0.0702, 7, 0.63924730, -0.18221205, -0.28998995, -29.43876076, -135.89216614, 189.93310547, 17.86027527, 28.52966881, -95.00145721, -16.67676926, 69.75609589, -1.59970033, 0.81277740, 0.11105971, -0.56739217, -0.07158741, 0.29131731, 0.18116850, -0.01810898, 0.00000000, 0.00000000, 0.00000000, 0.00000000
5, 0.0802, 8, 0.62942487, -0.17565790, -0.30361712, -30.65558815, -145.39556885, 177.55897522, 17.65565681, 28.79274940, -95.93685913, -18.61493683, 71.97915649, -3.30286860, 0.80087900, 0.11409508, -0.58343190, -0.07198949, 0.30640167, 0.19577600, 0.00930720, 0.00000000, 0.00000000, 0.00000000, 0.00000000
5, 0.0902, 9, 0.60135955, -0.14342326, -0.25015858, -29.26878738, -144.46936035, 175.00459290, 16.92487526, 26.83425903, -97.48611450, -10.63657188, 72.51365662, -0.63620156, 0.80319494, 0.07147106, -0.58926553, -0.05035793, 0.38146466, 0.16815539, 0.04971358, 0.00000000, 0.00000000, 0.00000000, 0.00000000
5, 0.1002, 10, 0.59215641, -0.21063642, -0.22017492, -26.13973045, -140.17266846, 174.15580750, 16.72025681, 24.84653664, -99.15229034, -12.12105942, 74.71583557, -1.85572374, 0.79135197, 0.07413843, -0.60468042, -0.05125644, 0.36909288, 0.06768970, 0.03371510, 0.00000000, 0.00000000, 0.00000000, 0.00000000
5, 0.1102, 11, 0.62672961, -0.22545356, -0.18869060, -24.08690453, -134.61485291, 175.54154968, 15.81408882, 22.97573853, -99.64922333, -14.24509144, 76.86801147, -3.69289541, 0.77935994, 0.07720108, -0.61962509, -0.05199017, 0.36795178, 0.03505348, 0.10588758, 0.00000000, 0.00000000, 0.00000000, 0.00000000
5, 0.1202, 12, 0.60819197, -0.28264815, -0.17457552, -25.17013168, -129.91432190, 177.41999817, 15.81408882, 22.97573853, -99.64922333, -17.24555397, 78.97484589, -6.36495113, 0.76715720, 0.08062678, -0.63417494, -0.05283263, 0.36141604, -0.01406008, 0.11013485, 0.00000000, 0.00000000, 0.00000000, 0.00000000
5, 0.1302, 13, 0.60198885, -0.39051658, -0.22468063, -30.01854706, -122.87494659, 178.45568848, 14.99561501, 23.06343079, -100.93539429, -21.51818466, 81.00544739, -10.23354435, 0.75484502, 0.08447458, -0.64818370, -0.05413988, 0.28018150, -0.05209362, 0.07716996, 0.00000000, 0.00000000, 0.00000000, 0.00000000
5, 0.1402, 14, 0.62089747, -0.42233178, -0.27445593, -35.90557098, -121.57860565, 177.47492981, 14.20637226, 21.01724625, -101.63694763, -25.18598175, 81.10541534, -11.62152863, 0.75207078, 0.10056563, -0.64801818, -0.06594437, 0.22658849, -0.03606797, 0.08848737, 0.00000000, 0.00000000, 0.00000000, 0.00000000
5, 0.1502, 15, 0.63413829, -0.38515311, -0.35886881, -41.88486862, -126.14262390, 175.35664368, 13.24174213, 18.29874229, -102.71850586, -32.02407837, 83.06298828, -18.02522469, 0.73931545, 0.10410605, -0.66178721, -0.06791343, 0.19433963, 0.05592129, 0.09441034, 0.00000000, 0.00000000, 0.00000000, 0.00000000
5, 0.1602, 16, 0.62098926, -0.36592799, -0.40455109, -48.03449249, -129.72894287, 173.80715942, 12.51096153, 17.91873741, -103.97544098, -43.27137375, 84.91730499, -28.82988358, 0.72615814, 0.10724208, -0.67545980, -0.07033910, 0.19131634, 0.09940793, 0.11113469, 0.00000000, 0.00000000, 0.00000000, 0.00000000
5, 0.1702, 17, 0.50065678, -0.32181317, -0.44094333, -52.12731934, -131.73957825, 170.46385193, 12.51096153, 17.91873741, -103.97544098, -64.52349091, 86.43721008, -49.64478302, 0.71276075, 0.10996269, -0.68887085, -0.07305692, 0.26897499, 0.15207243, 0.05478711, 0.00000000, 0.00000000, 0.00000000, 0.00000000
5, 0.1802, 18, 0.51371503, -0.27889562, -0.44785127, -56.34962845, -134.30969238, 162.77990723, 11.66325665, 17.71411896, -105.14469147, -101.75196075, 87.08331299, -86.46833801, 0.69931000, 0.11195023, -0.70188969, -0.07605069, 0.28379571, 0.18124422, 0.11788502, 0.00000000, 0.00000000, 0.00000000, 0.00000000
5, 0.1902, 19, 0.46855721, -0.29916847, -0.41432893, -62.68893433, -139.44024658, 156.53408813, 10.69862556, 14.87869072, -105.75855255, -170.66007996, 88.08840942, -159.21339417, 0.69209379, 0.07357235, -0.71487409, -0.06744139, 0.31723219, 0.12643771, 0.11956646, 0.00000000, 0.00000000, 0.00000000, 0.00000000
5, 0.2002, 20, 0.29283684, -0.36353275, -0.38179591, -72.37156677, -136.38175964, 147.47645569, 9.73399544, 14.82022762, -107.22010803, 175.92375183, 86.09548187, -172.19079590, 0.67882174, 0.07395260, -0.72697508, -0.07238339, 0.39956063, 0.02179693, -0.01221265, 0.00000000, 0.00000000, 0.00000000, 0.00000000
5, 0.2102, 21, 0.21556950, -0.38398972, -0.37672207, -86.24540710, -127.79945374, 132.39961243, 9.03244686, 13.73867321, -108.56474304, 169.88867188, 84.18023682, -177.74609375, 0.66627502, 0.07359694, -0.73790002, -0.07851589, 0.43282384, -0.00797150, -0.04850105, 0.00000000, 0.00000000, 0.00000000, 0.00000000
5, 0.2202, 22, 0.19208832, -0.39605781, -0.36825764, -99.98699188, -120.45838928, 114.64507294, 9.03244686, 13.73867321, -108.56474304, 165.30258179, 82.37244415, 178.16175842, 0.65455961, 0.07224455, -0.74764687, -0.08577123, 0.44077721, -0.03720939, -0.03945912, 0.00000000, 0.00000000, 0.00000000, 0.00000000
5, 0.2302, 23, 0.15305841, -0.37999579, -0.30457410, -112.97835541, -118.30027008, 94.67182922, 7.86319780, 12.97866154, -110.05553436, 161.09321594, 80.63424683, 174.40812683, 0.64357978, 0.06945532, -0.75640869, -0.09395163, 0.50464576, -0.08973780, -0.01218631, 0.00000000, 0.00000000, 0.00000000, 0.00000000
5, 0.2402, 24, 0.09155342, -0.32275522, -0.25172499, -121.09876251, -114.53137207, 74.63991547, 7.07395506, 13.68021011, -111.40017700, 173.85078430, 77.11341858, -167.42753601, 0.61405677, 0.11873181, -0.77251035, -0.10984065, 0.59717929, -0.09612437, 0.01791691, 0.00000000, 0.00000000, 0.00000000, 0.00000000
5, 0.2502, 25, 0.02719445, -0.34849995, -0.22146724, -125.76455688, -103.90947723, 60.61615372, 6.48933077, 14.11867905, -112.77404022, 169.11439514, 75.78787994, -171.82290649, 0.60453951, 0.11412184, -0.77943808, -0.11825657, 0.62616467, -0.12029557, 0.02139669, 0.00000000, 0.00000000, 0.00000000, 0.00000000
5, 0.2602, 26, -0.02152165, -0.34811980, -0.25282633, -128.35345459, -92.06047821, 50.66124725, 5.61239386, 13.88482857, -114.38175964, 164.96247864, 74.53419495, -175.60955811, 0.59589547, 0.10939823, -0.78536493, -0.12705329, 0.63140053, -0.12017129, -0.01325082, 0.00000000, 0.00000000, 0.00000000, 0.00000000
5, 0.2702, 27, 0.01774461, -0.34379384, -0.24867867, -129.45643616, -83.37869263, 43.32847977, 5.26161957, 13.35866737, -114.90792084, 161.27265930, 73.32485962, -178.92131042, 0.58788836, 0.10459493, -0.79052937, -0.13605349, 0.60774112, -0.14308904, 0.03721055, 0.00000000, 0.00000000, 0.00000000, 0.00000000
5, 0.2802, 28, -0.04140741, -0.40449175, -0.26025543, -128.52622986, -74.31807709, 39.83459854, 5.26161957, 13.35866737, -114.90792084, 158.02362061, 72.15586090, 178.23722839, 0.58038998, 0.10002749, -0.79503220, -0.14514089, 0.59396309, -0.19958277, -0.02791962, 0.00000000, 0.00000000, 0.00000000, 0.00000000
5, 0.2902, 29, -0.01318707, -0.45414817, -0.26297197, -125.59636688, -68.71978760, 36.91624832, 4.32622051, 14.26483440, -115.49254608, 170.80998230, 68.34178925, -161.73922729, 0.54224640, 0.17529255, -0.80711734, -0.15428221, 0.53668481, -0.23487785, 0.00202609, 0.00000000, 0.00000000, 0.00000000, 0.00000000
5, 0.3002, 30, -0.15443590, -0.45401543, -0.24543388, -120.51033020, -58.84248352, 35.00132751, 3.65390229, 14.76176548, -116.83718109, 167.92601013, 67.49228668, -164.25555420, 0.53524935, 0.17112909, -0.81110102, -0.16229032, 0.61060530, -0.21061321, -0.04355182, 0.00000000, 0.00000000, 0.00000000, 0.00000000
5, 0.3102, 31, -0.19067468, -0.51453888, -0.25422767, -116.14269257, -43.06002808, 30.58987045, 3.27389646, 15.25869656, -117.24641418, 165.30439758, 66.75518036, -166.45574951, 0.52923536, 0.16753280, -0.81413031, -0.17039537, 0.58596003, -0.26673824, -0.09352832, 0.00000000, 0.00000000, 0.00000000, 0.00000000
5, 0.3202, 32, -0.14336921, -0.50966203, -0.26643634, -112.70342255, -34.08651352, 27.27228355, 2.95235300, 15.81408882, -118.47412872, 162.87399292, 66.07820892, -168.44381714, 0.52382779, 0.16422412, -0.81656927, -0.17846429, 0.54966956, -0.27408230, -0.05159128, 0.00000000, 0.00000000, 0.00000000, 0.00000000
5, 0.3302, 33, -0.25626761, -0.47896430, -0.26588136, -111.01326752, -26.06810570, 23.93667030, 2.95235300, 15.81408882, -118.47412872, 160.55966187, 65.45525360, -170.29458618, 0.51895875, 0.16109771, -0.81847918, -0.18660432, 0.62889844, -0.27218968, -0.12559417, 0.00000000, 0.00000000, 0.00000000, 0.00000000
5, 0.3402, 34, -0.37273887, -0.47031456, -0.33627757, -110.26083374, -6.90537500, 19.61674690, 3.01081562, 16.31101990, -119.05875397, 166.46487427, 57.47505951, -161.54730225, 0.45470369, 0.19553304, -0.85037273, -0.17854294, 0.64213735, -0.22635517, -0.21032533, 0.00000000, 0.00000000, 0.00000000, 0.00000000
5, 0.3502, 35, -0.34813899, -0.39806059, -0.41353345, -107.16997528, 12.07997131, 11.16172218, 2.28003502, 17.07103157, -119.32183075, 164.53170776, 57.28377533, -162.94523621, 0.45220870, 0.19274803, -0.85046989, -0.18723392, 0.57687575, -0.11584001, -0.09460521, 0.00000000, 0.00000000, 0.00000000, 0.00000000
5, 0.3602, 36, -0.33702141, -0.41937944, -0.55923641, -104.99224854, 22.35639381, 0.95091873, 2.92312193, 17.62642479, -119.55568695, 162.59077454, 57.21153259, -164.36640930, 0.45079690, 0.18981519, -0.84990382, -0.19600001, 0.47452196, -0.04374809, -0.15650365, 0.00000000, 0.00000000, 0.00000000, 0.00000000
5, 0.3702, 37, -0.38590309, -0.44762790, -0.65452015, -104.86283875, 31.72951317, -7.90583181, 2.98158431, 17.10026360, -119.67260742, 160.59480286, 57.23662567, -165.84854126, 0.45030135, 0.18669434, -0.84873998, -0.20497456, 0.43232429, -0.01254881, -0.25191098, 0.00000000, 0.00000000, 0.00000000, 0.00000000
5, 0.3802, 38, -0.33713436, -0.42734954, -0.72602063, -102.34721375, 44.33772659, -20.83447838, 2.98158431, 17.10026360, -119.67260742, 158.53976440, 57.40985489, -167.41551208, 0.45115995, 0.18333511, -0.84677643, -0.21403919, 0.37663287, 0.03550772, -0.24064577, 0.00000000, 0.00000000, 0.00000000, 0.00000000
5, 0.3902, 39, -0.23723716, -0.45375395, -0.80250192, -98.73455811, 49.53902054, -29.50201416, 3.12774038, 18.18181801, -120.22800446, 156.72802734, 53.39751434, -165.16551208, 0.41312197, 0.20282303, -0.85600048, -0.23549154, 0.25152037, 0.04993016, -0.19703920, 0.00000000, 0.00000000, 0.00000000, 0.00000000
5, 0.4002, 40, -0.29457057, -0.45190153, -0.85038716, -95.25785828, 54.46870041, -37.05261993, 3.27389646, 19.11721611, -120.19876862, 154.84608459, 53.69952011, -166.68125916, 0.41531095, 0.19866657, -0.85350507, -0.24408546, 0.23009250, 0.05298227, -0.23077786, 0.00000000, 0.00000000, 0.00000000, 0.00000000
5, 0.4102, 41, -0.19035423, -0.48948118, -1.08012354, -94.35713196, 68.06034088, -44.32891846, 3.77082729, 21.13417053, -120.14031219, 152.85549927, 54.11800766, -168.28312683, 0.41856331, 0.19455652, -0.85025221, -0.25302917, 0.02163308, 0.17649405, -0.26754710, 0.00000000, 0.00000000, 0.00000000, 0.00000000
5, 0.4202, 42, -0.10522931, -0.52846408, -1.27362013, -96.55187225, 65.92941284, -49.97764969, 4.79392004, 21.36802101, -120.22800446, 150.77966309, 54.50209045, -170.02072144, 0.42190066, 0.18988344, -0.84695643, -0.26193291, -0.15584144, 0.27281326, -0.30717537, 0.00000000, 0.00000000, 0.00000000, 0.00000000
5, 0.4302, 43, -0.02443182, -0.51857817, -1.45179868, -98.28291321, 60.67531204, -55.95208740, 4.79392004, 21.36802101, -120.22800446, 148.64300537, 54.82398224, -171.89208984, 0.42518705, 0.18452652, -0.84375572, -0.27063316, -0.29415065, 0.39172918, -0.32381248, 0.00000000, 0.00000000, 0.00000000, 0.00000000
5, 0.4402, 44, 0.11112475, -0.56481314, -1.72360337, -98.51403809, 50.93055344, -60.03715897, 4.73545742, 21.71879578, -119.58491516, 143.43267822, 53.82355118, -173.55815125, 0.41337043, 0.18934444, -0.83737099, -0.30345267, -0.55398637, 0.53009021, -0.35765263, 0.00000000, 0.00000000, 0.00000000, 0.00000000
5, 0.4502, 45, 0.14949580, -0.54514682, -2.02294064, -94.98786163, 37.03705978, -61.14929581, 5.46623802, 22.97573853, -119.84799957, 141.48992920, 53.84924698, -175.44058228, 0.41545293, 0.18269189, -0.83512050, -0.31079951, -0.74222791, 0.71661758, -0.45467913, 0.00000000, 0.00000000, 0.00000000, 0.00000000
5, 0.4602, 46, 0.17473210, -0.68503690, -2.40879869, -82.23091125, 21.98048019, -60.54889679, 5.34931278, 24.32037354, -120.60800934, 139.84704590, 53.78336716, -177.14886475, 0.41707262, 0.17605709, -0.83354723, -0.31662825, -1.05727112, 0.88277924, -0.65911049, 0.00000000, 0.00000000, 0.00000000, 0.00000000
5, 0.4702, 47, 0.17531784, -0.82782841, -2.93854094, -56.09592438, 3.02548766, -62.54269409, 5.90470600, 23.99883080, -120.31569672, 138.71908569, 53.68609619, -178.56044006, 0.41857880, 0.16964899, -0.83290875, -0.31980336, -1.44172668, 1.15371108, -0.93947917, 0.00000000, 0.00000000, 0.00000000, 0.00000000
5, 0.4802, 48, 0.25514263, -1.00059140, -3.61826944, -9.39262772, -29.82637787, -76.88954926, 5.90470600, 23.99883080, -120.31569672, 138.44198608, 53.60728836, -179.59339905, 0.42047700, 0.16293599, -0.83392847, -0.31814206, -1.97431469, 1.51756811, -1.22389805, 0.00000000, 0.00000000, 0.00000000, 0.00000000
5, 0.4902, 49, 0.22610989, -1.53581870, -4.27991056, 47.74005890, -91.58877563, -99.17387390, 6.22624969, 25.60654831, -120.34492493, 139.02606201, 52.74179459, -179.73837280, 0.41536918, 0.15737687, -0.83891380, -0.31452283, -2.64842248, 1.62249351, -1.73194349, 0.00000000, 0.00000000, 0.00000000, 0.00000000
5, 0.5002, 50, 0.45330346, -1.71647131, -4.53821754, 107.31673431, -183.89427185, -130.27931213, 5.29085064, 25.86962891, -120.49108124, 141.32527161, 52.21255875, -179.91218567, 0.41498464, 0.14635941, -0.84720796, -0.29766646, -3.04154062, 1.68728590, -1.70666647, 0.00000000, 0.00000000, 0.00000000, 0.00000000
5, 0.5102, 51, 0.34763977, -1.78017986, -3.94448614, 182.23493958, -286.53060913, -163.75416565, 4.47237635, 25.69424057, -122.21572876, 145.22441101, 51.33892059, -179.61099243, 0.41246721, 0.13236980, -0.85967737, -0.27074704, -2.69027758, 1.23684859, -1.55026174, 0.00000000, 0.00000000, 0.00000000, 0.00000000
5, 0.5202, 52, -0.20331499, -1.70556593, -3.01548076, 269.39993286, -334.03018188, -183.18902588, 2.57234716, 25.05115509, -123.56036377, 150.50172424, 50.52204514, -178.68237305, 0.41000646, 0.11869280, -0.87326670, -0.23497248, -1.81122017, 0.65669745, -1.55459023, 0.00000000, 0.00000000, 0.00000000, 0.00000000
5, 0.5302, 53, -1.06132340, -1.90469646, -2.04204369, 334.20202637, -269.95474243, -193.45800781, 2.57234716, 25.05115509, -123.56036377, 156.26856995, 50.45481491, -177.18824768, 0.41241536, 0.10933179, -0.88287675, -0.19618560, -0.88443387, -0.12994598, -1.90940499, 0.00000000, 0.00000000, 0.00000000, 0.00000000
5, 0.5402, 54, -1.26235867, -2.49931455, -1.40645170, 367.76065063, -144.84362793, -205.90544128, 0.87693655, 24.75884247, -124.02806091, 171.80549622, 49.63333893, -176.87586975, 0.41671982, 0.05465745, -0.90418172, -0.07624045, -0.75555372, -0.91360319, -2.03619385, 0.00000000, 0.00000000, 0.00000000, 0.00000000
5, 0.5502, 55, -0.75636798, -2.93847394, -1.05124605, 398.15539551, -34.81592941, -206.29872131, 1.08155513, 21.86495209, -123.61882019, 178.08210754, 51.06861877, -173.50480652, 0.42944333, 0.05831379, -0.90034342, -0.03949387, -1.10644174, -1.33048415, -1.63327432, 0.00000000, 0.00000000, 0.00000000, 0.00000000
5, 0.5602, 56, -0.29581180, -3.07197547, -0.75185990, 420.78182983, 8.50301552, -234.13926697, 2.16311026, 20.08184814, -121.89418030, -174.92730713, 52.74554443, -169.34291077, 0.44553846, 0.06354745, -0.89300299, -0.00173561, -1.26534355, -1.56527233, -1.21399283, 0.00000000, 0.00000000, 0.00000000, 0.00000000
5, 0.5702, 57, 0.50257361, -2.84636307, -0.20494927, 445.03845215, 25.80032730, -321.22802734, 3.21543407, 19.67260933, -121.10494232, -166.84980774, 54.82317352, -164.59291077, 0.46684936, 0.06597441, -0.88099086, 0.03942499, -1.26758623, -1.72604525, -0.28400171, 0.00000000, 0.00000000, 0.00000000, 0.00000000
5, 0.5802, 58, 2.51824307, -2.71522665, 0.42306495, 475.56732178, 73.72017670, -457.40585327, 4.06313944, 18.12335587, -118.82490540, -156.82487488, 57.71263885, -158.44787598, 0.49733397, 0.06518691, -0.86097723, 0.08442647, -1.97967982, -2.00832105, 1.60584581, 0.00000000, 0.00000000, 0.00000000, 0.00000000
5, 0.5902, 59, 4.05468655, -1.74795699, 0.69963717, 488.24243164, 36.86550522, -584.26550293, 4.06313944, 18.12335587, -118.82490540, -121.57016754, 70.46000671, -156.69766235, 0.57362318, -0.13177687, -0.75510800, 0.28879625, -2.10267806, -1.45971501, 3.23238277, 0.00000000, 0.00000000, 0.00000000, 0.00000000
5, 0.6002, 60, 5.28363466, 1.21317887, 0.87188834, 461.95635986, -62.09204865, -711.44342041, 6.46009922, 19.20491028, -116.95410919, -101.06612396, 71.58905029, -142.48995972, 0.59331632, -0.15069859, -0.71246082, 0.34302381, -0.91574126, 0.51751804, 5.26476049, 0.00000000, 0.00000000, 0.00000000, 0.00000000
5, 0.6102, 61, 4.84631491, 5.51902390, 1.37404072, 374.24377441, -210.42672729, -632.73419189, 8.00935364, 21.48494530, -116.95410919, -84.68178558, 72.15804291, -132.59486389, 0.60333121, -0.17974094, -0.67341954, 0.38754475, 2.15072560, 3.14953065, 6.80660439, 0.00000000, 0.00000000, 0.00000000, 0.00000000
5, 0.6202, 62, 1.31260920, 1.97986150, 2.31761670, 256.90890503, -471.08905029, -423.24957275, 6.69394922, 25.05115509, -118.70797729, -77.91475677, 73.76940918, -132.46333313, 0.59604609, -0.22445491, -0.64835215, 0.41711929, 2.66529179, -0.00738254, 2.77898693, 0.00000000, 0.00000000, 0.00000000, 0.00000000
5, 0.6302, 63, -6.11678171, 1.92672217, 3.28870344, 55.00254059, -441.09530640, -199.62646484, 3.65390229, 27.12657166, -121.04647827, -78.08187103, 76.26811981, -136.80802917, 0.58650339, -0.26359323, -0.63718718, 0.42488229, 7.50567532, -0.78369182, -2.90636539, 0.00000000, 0.00000000, 0.00000000, 0.00000000
5, 0.6402, 64, -5.88186407, 4.17282104, 2.68066144, -63.65579987, -431.54351807, -40.39885330, 3.65390229, 27.12657166, -121.04647827, -117.29936981, 75.55415344, -90.84075165, 0.66126579, 0.24677402, -0.70449269, -0.07429882, 8.34997559, 1.17958081, -1.96280551, 0.00000000, 0.00000000, 0.00000000, 0.00000000
5, 0.6502, 65, -4.00821209, 3.09152722, 0.66910034, -156.44136047, -478.80551147, 93.92316437, 1.60771704, 28.55890083, -123.32650757, -135.19104004, 75.53566742, -110.71661377, 0.63712007, 0.22338131, -0.73396486, -0.07398975, 5.48598099, 1.85735023, -1.55081868, 0.00000000, 0.00000000, 0.00000000, 0.00000000
5, 0.6602, 66, -5.53728151, 1.91655028, -0.68699920, -217.36289978, -331.99829102, 127.92213440, -3.06927800, 28.58813095, -125.72347260, -150.46229553, 74.56040955, -126.48156738, 0.61430222, 0.20854172, -0.75651920, -0.08259430, 4.91461372, 1.97227287, -3.77149868, 0.00000000, 0.00000000, 0.00000000, 0.00000000
5, 0.6702, 67, -2.31610966, -0.92407799, -1.40501130, -211.67771912, -127.36970520, 159.68231201, -4.88161373, 27.97427559, -127.09733582, -159.93675232, 73.39761353, -134.89263916, 0.59703434, 0.20668653, -0.76907426, -0.09672432, 0.96908498, 0.47922435, -2.58339691, 0.00000000, 0.00000000, 0.00000000, 0.00000000
5, 0.6802, 68, -1.56243408, -0.78082359, 0.88401359, -212.34239197, 233.55371094, 304.50631714, -4.50160789, 28.03273773, -126.45425415, -163.41743469, 72.71838379, -134.00975037, 0.58539963, 0.23261255, -0.76697344, -0.12227271, 1.90407324, -1.08957636, -0.96130997, 0.00000000, 0.00000000, 0.00000000, 0.00000000
5, 0.6902, 69, 0.19638440, 0.25092170, 1.06496823, -234.00012207, 454.96994019, 197.85752869, -4.50160789, 28.03273773, -126.45425415, 123.51738739, 77.91664886, 27.64487839, 0.48963234, -0.59412038, -0.45256752, 0.44995978, 1.59831607, -0.57583082, 0.92781281, 0.00000000, 0.00000000, 0.00000000, 0.00000000
5, 0.7002, 70, 0.34073150, 0.44258660, 0.72567916, -227.08436584, 61.09696198, 14.29469013, -0.43846828, 30.02046204, -124.93422699, 117.12487793, 76.74801636, 22.89928818, 0.50590235, -0.59130979, -0.45012259, 0.43795577, 1.44787693, -0.40562847, 0.86005020, 0.00000000, 0.00000000, 0.00000000, 0.00000000
5, 0.7102, 71, -1.68847823, -0.47704768, 0.64120317, -243.44938660, -174.52964783, -47.74005508, -0.40923706, 31.56971550, -125.89885712, 115.10894775, 73.75806427, 20.93984985, 0.51403338, -0.60529399, -0.43927437, 0.42003205, 2.02800941, -1.02723598, -1.20304585, 0.00000000, 0.00000000, 0.00000000, 0.00000000
5, 0.7202, 72, -2.38130546, 0.02905236, -0.13400365, -243.87486267, -113.05324554, -48.51265717, -2.04618526, 33.52820587, -126.83425903, 112.49694061, 71.15399170, 18.69977951, 0.52446866, -0.61475170, -0.42881310, 0.40389639, 2.27470303, -0.16541713, -1.85791969, 0.00000000, 0.00000000, 0.00000000, 0.00000000
5, 0.7302, 73, -2.68862009, 0.58621514, -0.27971488, -240.92724609, -9.67224407, -74.42573547, -1.90002918, 35.28208160, -126.62963867, 108.13998413, 69.15664673, 15.04436398, 0.53914189, -0.61736196, -0.41743717, 0.39234746, 2.68485355, 0.28456804, -1.94023550, 0.00000000, 0.00000000, 0.00000000, 0.00000000
5, 0.7402, 74, -2.68612766, 0.62064457, 0.04698350, -227.92088318, 104.37219238, -88.13722229, -1.90002918, 35.28208160, -126.62963867, 99.78363037, 65.18405914, 97.26904297, 0.66789752, -0.16541076, -0.71295089, -0.13510476, 2.87358427, 0.02719282, -1.81831181, 0.00000000, 0.00000000, 0.00000000, 0.00000000
5, 0.7502, 75, -1.71683967, 0.60422945, 0.04552757, -213.21374512, 200.03729248, -68.13254547, -1.14001751, 37.50365448, -126.27886200, 93.51867676, 64.23446655, 92.58045197, 0.68089747, -0.16307496, -0.69767171, -0.15178759, 2.27969527, -0.04004237, -1.08390093, 0.00000000, 0.00000000, 0.00000000, 0.00000000
5, 0.7602, 76, -1.27781773, 0.88840878, -0.06431322, -208.08889771, 180.69438171, -61.43809891, 0.23384975, 39.25752640, -125.10961914, 88.13894653, 63.07154465, 88.72069550, 0.69217491, -0.16108869, -0.68315190, -0.16807099, 2.12127781, 0.21722983, -0.69469076, 0.00000000, 0.00000000, 0.00000000, 0.00000000
5, 0.7702, 77, -1.21750295, 1.13487995, -0.05568283, -204.39288330, 188.66325378, -72.93251801, 1.43232965, 39.84215164, -123.91113281, 82.93172455, 61.76097488, 84.96676636, 0.70381898, -0.15935692, -0.66745353, -0.18371207, 2.22556472, 0.36419648, -0.58107573, 0.00000000, 0.00000000, 0.00000000, 0.00000000
5, 0.7802, 78, -0.77024728, 1.30528045, 0.03435943, -193.71194458, 231.01313782, -96.57805634, 3.56620860, 42.47296143, -121.77725983, 77.21444702, 60.37628937, 80.64252472, 0.71801800, -0.15695702, -0.64859021, -0.19785210, 2.10556149, 0.40341270, -0.15763986, 0.00000000, 0.00000000, 0.00000000, 0.00000000
5, 0.7902, 79, -0.19806291, 1.34292114, 0.09991734, -176.79940796, 251.50833130, -136.35195923, 3.56620860, 42.47296143, -121.77725983, 75.35296631, 44.67441940, 52.98680115, 0.75882953, -0.37178314, -0.52141130, -0.11868151, 1.78141916, 0.32273301, 0.29236734, 0.00000000, 0.00000000, 0.00000000, 0.00000000
5, 0.8002, 80, 0.05485900, 1.30006099, -0.01226273, -154.14002991, 239.11747742, -184.09848022, 5.55393171, 41.09909439, -120.43261719, 71.62756348, 42.86639023, 49.41886139, 0.77511144, -0.37094572, -0.49688041, -0.12129064, 1.41268325, 0.21847077, 0.37064525, 0.00000000, 0.00000000, 0.00000000, 0.00000000
5, 0.8102, 81, 0.14840753, 1.28579259, -0.09801991, -135.41693115, 213.20898438, -228.76957703, 6.05086231, 45.39608383, -119.40953064, 68.60000610, 40.73479462, 45.99376678, 0.78952605, -0.37398252, -0.47105879, -0.12202157, 1.27570999, 0.26133186, 0.35876390, 0.00000000, 0.00000000, 0.00000000, 0.00000000
5, 0.8202, 82, 0.07937966, 1.33510864, -0.09414288, -122.47769928, 190.32617188, -261.44729614, 6.69394922, 47.41303635, -117.27565002, 66.20761871, 38.34338760, 42.78597260, 0.80213189, -0.37997964, -0.44431001, -0.12160842, 1.31628776, 0.28138089, 0.28278333, 0.00000000, 0.00000000, 0.00000000, 0.00000000
5, 0.8302, 83, 0.09093986, 1.40191483, -0.11648833, -114.49681091, 178.39564514, -283.39031982, 6.57702398, 51.73925781, -115.31715393, 64.27072144, 35.76276016, 39.75386810, 0.81340885, -0.38766578, -0.41663337, -0.12040806, 1.30153930, 0.33086419, 0.27381161, 0.00000000, 0.00000000, 0.00000000, 0.00000000
5, 0.8402, 84, 0.14958631, 1.43128788, -0.10668439, -112.02377319, 172.73985291, -295.10635376, 5.93393755, 54.19467926, -113.76790619, 59.14492416, 23.14940262, 41.20386887, 0.83239877, -0.39116275, -0.33347377, -0.20712143, 1.21425784, 0.31940234, 0.28237942, 0.00000000, 0.00000000, 0.00000000, 0.00000000
5, 0.8502, 85, 0.40727806, 1.47749329, -0.08007307, -113.93512726, 166.90579224, -304.58001709, 5.93393755, 54.19467926, -113.76790619, 58.38807678, 20.16504097, 38.93445969, 0.83881462, -0.40184927, -0.30413839, -0.20593035, 0.94775420, 0.28741014, 0.43208176, 0.00000000, 0.00000000, 0.00000000, 0.00000000
5, 0.8602, 86, 0.50813615, 1.63995302, -0.01674606, -117.47330475, 160.15101624, -314.73840332, 5.08623219, 57.38088226, -113.12481689, 57.85632706, 17.06032372, 36.77518463, 0.84398705, -0.41298699, -0.27409029, -0.20494467, 0.97003198, 0.34444404, 0.58964038, 0.00000000, 0.00000000, 0.00000000, 0.00000000
5, 0.8702, 87, 0.70457339, 1.78456306, 0.04257126, -121.69225311, 153.02110291, -328.40231323, 4.20929527, 60.45016098, -111.86787415, 57.55540085, 13.81371689, 34.69926834, 0.84780860, -0.42474341, -0.24312408, -0.20421675, 0.92100257, 0.39211768, 0.81986731, 0.00000000, 0.00000000, 0.00000000, 0.00000000
5, 0.8802, 88, 0.90338928, 1.92034817, 0.06161349, -128.51724243, 134.55249023, -343.70541382, 2.92312193, 63.13943100, -109.93861389, 57.56012726, 10.40750027, 32.78363037, 0.84970671, -0.43754253, -0.21157004, -0.20443396, 0.83916169, 0.46226653, 1.03734469, 0.00000000, 0.00000000, 0.00000000, 0.00000000
5, 0.8902, 89, 0.97544551, 2.07017303, 0.05085716, -131.84124756, 120.64778900, -359.24221802, 0.84770536, 65.44869995, -108.88629150, 52.56908798, 2.34947181, 37.33452225, 0.85216594, -0.41356185, -0.15912211, -0.27831671, 0.79947138, 0.57520032, 1.13160515, 0.00000000, 0.00000000, 0.00000000, 0.00000000
5, 0.9002, 90, 0.83734220, 2.12848067, 0.05228496, -130.47540283, 118.68691254, -369.27868652, 0.84770536, 65.44869995, -108.88629150, 53.19079590, -1.38992381, 35.79757309, 0.84918094, -0.42932147, -0.12725964, -0.27996421, 0.79176641, 0.64154112, 0.98992383, 0.00000000, 0.00000000, 0.00000000, 0.00000000
5, 0.9102, 91, 0.72269130, 2.22837019, 0.15189575, -127.28348541, 131.13980103, -369.60083008, -1.54925454, 68.10874176, -107.45395660, 53.86951065, -5.10223341, 34.09772491, 0.84558916, -0.44427463, -0.09473646, -0.28040016, 0.90816766, 0.63383782, 0.98904514, 0.00000000, 0.00000000, 0.00000000, 0.00000000
5, 0.9202, 92, 0.66329885, 2.56298566, 0.18732931, -123.88903046, 159.89175415, -360.24829102, -3.42005253, 71.14878845, -106.08009338, 54.48805237, -8.72197914, 32.12851715, 0.84224284, -0.45733920, -0.06134343, -0.27875596, 1.09533405, 0.83898050, 1.10738003, 0.00000000, 0.00000000, 0.00000000, 0.00000000
5, 0.9302, 93, 0.64342993, 2.95960522, 0.31066668, -113.92864990, 206.27687073, -356.16735840, -5.99239969, 71.26570892, -104.56006622, 55.07754898, -12.25159073, 29.68770409, 0.83957326, -0.46860763, -0.02630736, -0.27355367, 1.34781015, 1.02752578, 1.32068205, 0.00000000, 0.00000000, 0.00000000, 0.00000000
5, 0.9402, 94, 0.71572906, 3.33188033, 0.47731978, -97.97914886, 271.34310913, -362.07528687, -8.03858471, 73.54574585, -102.89389038, 51.88430405, -18.79697990, 31.95323372, 0.83323503, -0.45533893, 0.02237992, -0.31286621, 1.54603910, 1.18352509, 1.60794127, 0.00000000, 0.00000000, 0.00000000, 0.00000000
5, 0.9502, 95, 1.15200841, 3.57924509, 0.57924914, -79.62749481, 334.93771362, -380.63265991, -8.03858471, 73.54574585, -102.89389038, 52.94561386, -22.50722504, 28.17416191, 0.83035910, -0.46657282, 0.06302288, -0.29806346, 1.39724839, 1.32684779, 2.09937477, 0.00000000, 0.00000000, 0.00000000, 0.00000000
5, 0.9602, 96, 2.00399566, 3.56851292, 0.50412148, -65.98655701, 358.83386230, -404.98355103, -10.14323330, 76.23501587, -101.46156311, 54.54460907, -26.24635887, 23.82403755, 0.82551146, -0.47829807, 0.10535006, -0.28046963, 0.79403383, 1.38051701, 2.79156184, 0.00000000, 0.00000000, 0.00000000, 0.00000000
5, 0.9702, 97, 2.41608357, 3.57387137, 0.35877877, -57.32984161, 320.40386963, -440.16809082, -14.03098488, 77.55042267, -100.08769226, 56.93162537, -30.03157616, 19.34844589, 0.81625795, -0.49208710, 0.14716181, -0.26441786, 0.41721892, 1.49456310, 3.11422157, 0.00000000, 0.00000000, 0.00000000, 0.00000000
5, 0.9802, 98, 2.34320855, 3.45836163, 0.31621397, -55.34740067, 265.01394653, -474.25231934, -16.92487526, 78.60274506, -99.00613403, 60.11967468, -33.84905624, 14.84335899, 0.80224472, -0.50774038, 0.18794732, -0.25155300, 0.31055504, 1.45014954, 3.04411101, 0.00000000, 0.00000000, 0.00000000, 0.00000000
5, 0.9902, 99, 2.09582877, 3.39848089, 0.34068912, -59.28425980, 203.35540771, -502.48675537, -21.25109673, 80.38584900, -98.74305725, 55.96632385, -34.14092255, 20.58431244, 0.80598873, -0.48763889, 0.17491685, -0.28634739, 0.39019433, 1.40447044, 2.86267519, 0.00000000, 0.00000000, 0.00000000, 0.00000000
5, 1.0002, 100, 1.89273322, 3.42495441, 0.37498972, -65.76811218, 149.42059326, -517.37774658, -21.25109673, 80.38584900, -98.74305725, 59.81144714, -38.36550522, 16.90032387, 0.78575414, -0.50763464, 0.21254148, -0.28235364, 0.52283496, 1.42573190, 2.70297909, 0.00000000, 0.00000000, 0.00000000, 0.00000000
5, 1.0102, 101, 1.73791063, 3.44409323, 0.36780003, -74.57582855, 105.17975616, -519.66955566, -25.75270271, 81.49663544, -98.59690094, 64.15562439, -42.46481323, 13.11218548, 0.76268637, -0.52681988, 0.24833511, -0.28124762, 0.56345963, 1.45577753, 2.65354156, 0.00000000, 0.00000000, 0.00000000, 0.00000000
5, 1.0202, 102, 1.29977441, 3.55359125, 0.32348442, -85.57648468, 80.46653748, -509.04208374, -30.37123680, 81.02893829, -97.51534271, 68.92218781, -46.35940933, 9.03210640, 0.73806179, -0.54410720, 0.28257594, -0.28171468, 0.80602348, 1.58140504, 2.39793921, 0.00000000, 0.00000000, 0.00000000, 0.00000000
5, 1.0302, 103, 0.88666308, 3.62981105, 0.34026688, -89.06958008, 105.39779663, -492.40203857, -35.13592529, 80.61969757, -97.13533783, 74.30430603, -49.86110306, 4.02385283, 0.71338367, -0.55911601, 0.31653142, -0.27978724, 1.05609417, 1.64458609, 2.17369199, 0.00000000, 0.00000000, 0.00000000, 0.00000000
5, 1.0402, 104, 0.80250400, 3.68543720, 0.35774368, -84.79353333, 161.80725098, -473.98895264, -39.43291473, 78.04735565, -97.04764557, 70.95315552, -49.54403687, 8.34219170, 0.71977192, -0.55038857, 0.30198824, -0.29631749, 1.12116718, 1.69014740, 2.18186378, 0.00000000, 0.00000000, 0.00000000, 0.00000000
5, 1.0502, 105, 0.95232642, 3.62215018, 0.34396863, -74.07698822, 224.25738525, -453.86642456, -39.43291473, 78.04735565, -97.04764557, 76.98632812, -52.31363678, 1.63761008, 0.69853610, -0.56355304, 0.33701053, -0.28439283, 0.98468959, 1.66402841, 2.26201487, 0.00000000, 0.00000000, 0.00000000, 0.00000000
5, 1.0602, 106, 1.29643381, 3.45725918, 0.21613242, -61.29479980, 269.31091309, -431.62597656, -43.32066727, 76.73194885, -97.83689117, 83.83057404, -54.24205780, -6.26301098, 0.67795998, -0.57515889, 0.37120321, -0.26790079, 0.59208584, 1.65745258, 2.49659204, 0.00000000, 0.00000000, 0.00000000, 0.00000000
5, 1.0702, 107, 1.64720047, 3.22204971, 0.02704674, -50.40405655, 279.46081543, -410.00067139, -46.24378967, 76.58579254, -97.66149902, 91.09620667, -55.35432053, -14.67579174, 0.65744936, -0.58543730, 0.40336230, -0.24964479, 0.12937124, 1.64356983, 2.68204880, 0.00000000, 0.00000000, 0.00000000, 0.00000000
5, 1.0802, 108, 1.87893021, 2.88091040, -0.14977247, -46.55596924, 252.43055725, -390.32858276, -48.81613541, 75.03653717, -99.21075439, 98.30970001, -55.87638474, -22.86132240, 0.63657403, -0.59433222, 0.43278936, -0.23288673, -0.31219956, 1.54689026, 2.72881937, 0.00000000, 0.00000000, 0.00000000, 0.00000000
5, 1.0902, 109, 2.03262448, 2.56992984, -0.30648059, -49.15415573, 200.72398376, -372.35443115, -51.41771317, 72.25957489, -99.61999512, 87.94350433, -51.15311813, -20.07557297, 0.69146788, -0.56252778, 0.41510004, -0.18200713, -0.66257119, 1.43706131, 2.68571186, 0.00000000, 0.00000000, 0.00000000, 0.00000000
5, 1.1002, 110, 1.90561759, 2.33577323, -0.38207546, -53.83118057, 146.86175537, -350.18142700, -51.41771317, 72.25957489, -99.61999512, 93.25833130, -52.35335922, -25.81653023, 0.67234850, -0.56820971, 0.44101667, -0.17489919, -0.73951280, 1.27970552, 2.38765335, 0.00000000, 0.00000000, 0.00000000, 0.00000000
5, 1.1102, 111, 1.67052972, 2.11300421, -0.35995528, -53.08168030, 118.03124237, -320.40023804, -53.78544235, 69.54106903, -100.11692047, 98.33316803, -53.26181793, -31.16773796, 0.65411955, -0.57274514, 0.46401313, -0.16965398, -0.73213935, 1.12703502, 2.16596079, 0.00000000, 0.00000000, 0.00000000, 0.00000000
5, 1.1202, 112, 1.83247662, 1.80869985, -0.41693467, -53.64471054, 97.83504486, -283.61398315, -55.13007736, 69.59953308, -100.11692047, 102.97053528, -53.90977478, -36.03793335, 0.63755506, -0.57592374, 0.48416808, -0.16557972, -1.04434359, 0.97464144, 2.19588709, 0.00000000, 0.00000000, 0.00000000, 0.00000000
5, 1.1302, 113, 1.89918780, 1.60423803, -0.47459942, -59.93469620, 62.77322769, -241.18536377, -57.03010941, 66.82256317, -100.08769226, 106.95736694, -54.50588608, -40.15544891, 0.62324011, -0.57745564, 0.50121522, -0.16401282, -1.24177301, 0.89264280, 2.18188500, 0.00000000, 0.00000000, 0.00000000, 0.00000000
5, 1.1402, 114, 1.80453312, 1.47796512, -0.58036011, -63.68358231, 16.91909981, -195.15551758, -57.11780167, 63.78252029, -99.35691071, 92.94609833, -49.48707199, -34.99953842, 0.68777484, -0.54132807, 0.47292480, -0.10135056, -1.31199968, 0.87220097, 1.99966002, 0.00000000, 0.00000000, 0.00000000, 0.00000000
5, 1.1502, 115, 1.72945952, 1.31434596, -0.71596158, -64.21340942, 2.62823176, -159.14027405, -58.43320465, 63.22712708, -99.00613403, 94.93709564, -50.55727005, -36.93061066, 0.67945939, -0.54060680, 0.48485264, -0.10486786, -1.40563595, 0.78886092, 1.71636593, 0.00000000, 0.00000000, 0.00000000, 0.00000000
5, 1.1602, 116, 1.77680111, 1.06686866, -0.85144043, -62.27437973, 1.80618358, -123.22102356, -58.43320465, 63.22712708, -99.00613403, 96.48991394, -51.45859146, -38.51125717, 0.67316186, -0.53910011, 0.49455407, -0.10789084, -1.66545415, 0.72929168, 1.61476481, 0.00000000, 0.00000000, 0.00000000, 0.00000000
5, 1.1702, 117, 1.86058044, 0.82995880, -0.96356440, -59.48049927, -6.24284172, -86.29312134, -59.25167847, 61.85326004, -98.88921356, 97.53243256, -52.23965073, -39.60960388, 0.66899002, -0.53696889, 0.50179738, -0.11097850, -1.92526925, 0.65829027, 1.55095673, 0.00000000, 0.00000000, 0.00000000, 0.00000000
5, 1.1802, 118, 1.82990909, 0.60872519, -0.97719920, -56.17397690, -23.94233322, -47.63883972, -59.51476288, 61.41479111, -97.57380676, 97.97713470, -52.95835114, -40.06466675, 0.66708452, -0.53433198, 0.50624979, -0.11488646, -2.05275011, 0.52559680, 1.43382859, 0.00000000, 0.00000000, 0.00000000, 0.00000000
5, 1.1902, 119, 1.69273186, 0.45010358, -0.92381918, -53.70463943, -51.37977219, -6.99773693, -59.60245514, 61.88248825, -97.80765533, 85.88964844, -44.55340576, -33.26133347, 0.72295672, -0.52465475, 0.44631675, -0.05359554, -2.01738310, 0.35594451, 1.24343514, 0.00000000, 0.00000000, 0.00000000, 0.00000000
5, 1.2002, 120, 1.55726135, 0.36348334, -0.79746008, -51.19776917, -84.21561432, 23.40166664, -59.45629883, 63.11020279, -97.01841736, 85.15424347, -45.16717529, -32.12801743, 0.72525233, -0.52205867, 0.44460765, -0.06154611, -1.84772909, 0.12080704, 1.04283118, 0.00000000, 0.00000000, 0.00000000, 0.00000000
5, 1.2102, 121, 1.43842518, 0.33773953, -0.64814234, -48.67724991, -107.60704041, 48.48776245, -59.45629883, 63.11020279, -97.01841736, 84.05820465, -45.71208954, -30.48587608, 0.72877240, -0.51938152, 0.44056922, -0.07094076, -1.71652210, 0.00356144, 0.98425108, 0.00000000, 0.00000000, 0.00000000, 0.00000000
5, 1.2202, 122, 1.31992197, 0.37113640, -0.51587850, -41.35681534, -122.90503693, 69.67465973, -59.10552216, 62.37942123, -95.93685913, 82.68729401, -46.12174606, -28.45721054, 0.73317575, -0.51685929, 0.43444693, -0.08103007, -1.55910861, -0.06101445, 0.94015461, 0.00000000, 0.00000000, 0.00000000, 0.00000000
5, 1.2302, 123, 1.20671391, 0.39582911, -0.41278037, -29.31315041, -126.06834412, 89.82878876, -59.28091049, 63.66559601, -94.97222900, 81.11695099, -46.30719757, -26.19783401, 0.73831505, -0.51459312, 0.42644861, -0.09069972, -1.42399764, -0.11228655, 0.88226187, 0.00000000, 0.00000000, 0.00000000, 0.00000000
5, 1.2402, 124, 1.08106065, 0.42875829, -0.28924963, -12.53597450, -119.50801086, 108.54203796, -58.84244156, 64.07482910, -93.94913483, 67.80687714, -37.83283234, -19.61605453, 0.80448222, -0.47412199, 0.35502407, -0.04443857, -1.23496723, -0.18782830, 0.78099078, 0.00000000, 0.00000000, 0.00000000, 0.00000000
5, 1.2502, 125, 0.99198312, 0.45911026, -0.21290807, 7.69096899, -103.39674377, 123.82864380, -57.87781143, 65.30254364, -93.53990173, 66.65838623, -37.09099960, -17.80975533, 0.80964327, -0.47350162, 0.34317771, -0.05003097, -1.03416741, -0.25981349, 0.60453290, 0.00000000, 0.00000000, 0.00000000, 0.00000000
5, 1.2602, 126, 0.93573922, 0.49140045, -0.13694015, 27.68288612, -86.23393250, 135.83087158, -57.87781143, 65.30254364, -93.53990173, 65.61011505, -36.07623672, -16.22210693, 0.81488311, -0.47327918, 0.33034697, -0.05332246, -0.92682505, -0.29490811, 0.58507031, 0.00000000, 0.00000000, 0.00000000, 0.00000000
5, 1.2702, 127, 0.87112445, 0.52108800, -0.06500541, 45.25151443, -72.20050049, 145.26560974, -57.03010941, 66.00408936, -93.01374054, 64.67014313, -34.83441544, -14.83543396, 0.82011747, -0.47342363, 0.31668222, -0.05467965, -0.81486356, -0.33114347, 0.55629086, 0.00000000, 0.00000000, 0.00000000, 0.00000000
5, 1.2802, 128, 0.81047875, 0.56138325, -0.00739203, 61.78854370, -60.28316498, 151.77120972, -56.38702011, 66.93949127, -92.98450470, 63.85552216, -33.40119553, -13.64377689, 0.82521331, -0.47398540, 0.30233780, -0.05433889, -0.70389163, -0.35155615, 0.52994823, 0.00000000, 0.00000000, 0.00000000, 0.00000000
5, 1.2902, 129, 0.77546018, 0.61244249, 0.03151868, 76.82009125, -51.96772003, 157.59674072, -55.39315796, 66.47179413, -92.51680756, 53.75860214, -27.44253922, -12.94981670, 0.87307161, -0.41254950, 0.25975126, -0.00884229, -0.59262770, -0.34191823, 0.48703015, 0.00000000, 0.00000000, 0.00000000, 0.00000000
5, 1.3002, 130, 0.73850685, 0.71564972, 0.08689796, 89.66926575, -46.69982147, 164.81454468, -54.57468414, 67.64103699, -93.24758911, 53.36993790, -25.58074951, -12.38739777, 0.87695926, -0.41404369, 0.24389964, -0.00483349, -0.40279680, -0.28666365, 0.40228072, 0.00000000, 0.00000000, 0.00000000, 0.00000000
5, 1.3102, 131, 0.70182455, 0.81370449, 0.15657118, 103.47235107, -39.67348480, 170.94044495, -54.57468414, 67.64103699, -93.24758911, 53.05891800, -23.58541679, -11.96008110, 0.88056487, -0.41580117, 0.22740854, 0.00045741, -0.25388303, -0.27727032, 0.42849588, 0.00000000, 0.00000000, 0.00000000, 0.00000000
5, 1.3202, 132, 0.67376733, 0.92115891, 0.21607523, 111.15308380, -34.01105881, 175.81483459, -53.58082199, 68.45951080, -93.45220947, 52.78038025, -21.50621796, -11.62316322, 0.88393223, -0.41750881, 0.21049137, 0.00660843, -0.10812279, -0.25406745, 0.46231115, 0.00000000, 0.00000000, 0.00000000, 0.00000000
5, 1.3302, 133, 0.66208410, 1.05829597, 0.25473040, 116.49085999, -28.73336029, 180.63977051, -52.26541901, 69.30722046, -94.24144745, 52.51138687, -19.35917282, -11.35829830, 0.88708234, -0.41901737, 0.19320437, 0.01346910, 0.03543967, -0.19472426, 0.51403147, 0.00000000, 0.00000000, 0.00000000, 0.00000000
5, 1.3402, 134, 0.68798578, 1.22200072, 0.29943717, 120.37548065, -25.42799377, 185.12072754, -50.92078400, 69.80415344, -94.85530090, 46.45125961, -19.30852699, -15.17377949, 0.90674531, -0.36501727, 0.20409139, 0.05405646, 0.16874388, -0.10264563, 0.59418011, 0.00000000, 0.00000000, 0.00000000, 0.00000000
5, 1.3502, 135, 0.69202858, 1.40058804, 0.33758569, 123.08821106, -20.60394478, 190.49407959, -50.04384613, 73.01958466, -96.49225616, 46.23146439, -17.04501534, -15.24365234, 0.90923893, -0.36674631, 0.18659115, 0.06297135, 0.30305493, 0.04081303, 0.62755841, 0.00000000, 0.00000000, 0.00000000, 0.00000000
5, 1.3602, 136, 0.67788541, 1.61258423, 0.33192876, 124.88132477, -13.10514450, 196.57377625, -50.04384613, 73.01958466, -96.49225616, 45.95919800, -14.73681641, -15.37970638, 0.91153002, -0.36789814, 0.16881831, 0.07255619, 0.47069472, 0.18659192, 0.69133198, 0.00000000, 0.00000000, 0.00000000, 0.00000000
5, 1.3702, 137, 0.65346235, 1.79374850, 0.33723694, 123.94509125, -5.32488155, 200.81970215, -48.49459076, 74.56884003, -97.31072998, 45.62033081, -12.41556644, -15.57431030, 0.91361868, -0.36834601, 0.15097840, 0.08262988, 0.63325250, 0.30492175, 0.73847365, 0.00000000, 0.00000000, 0.00000000, 0.00000000
5, 1.3802, 138, 0.62479240, 1.92199194, 0.33744124, 119.97590637, 1.61207807, 204.27790833, -46.74071884, 74.21806335, -97.86611938, 45.19810486, -10.10439301, -15.80733109, 0.91554743, -0.36797118, 0.13316533, 0.09293687, 0.76473862, 0.39236614, 0.75809717, 0.00000000, 0.00000000, 0.00000000, 0.00000000
5, 1.3902, 139, 0.59680212, 2.02184343, 0.31612357, 112.25569153, 5.51841450, 207.85177612, -45.19146347, 74.68576050, -98.97690582, 43.22363281, -12.67623901, -20.12618256, 0.91690767, -0.34249979, 0.16501930, 0.12142098, 0.84609550, 0.48512414, 0.75613058, 0.00000000, 0.00000000, 0.00000000, 0.00000000
5, 1.4002, 140, 0.56947803, 2.10289598, 0.29333800, 102.11618805, 4.01313448, 213.27291870, -44.16837311, 76.46886444, -99.67845917, 42.63322830, -10.40935802, -20.35377502, 0.91897523, -0.34139529, 0.14714311, 0.13146347, 0.87302464, 0.58108091, 0.74177849, 0.00000000, 0.00000000, 0.00000000, 0.00000000
5, 1.4102, 141, 0.35589591, 2.11374784, 0.18807285, 89.47969055, 1.41332996, 224.25553894, -44.16837311, 76.46886444, -99.67845917, 41.89862823, -8.12012196, -20.48780632, 0.92120612, -0.33920050, 0.12849313, 0.14075512, 0.98295021, 0.66825038, 0.51698947, 0.00000000, 0.00000000, 0.00000000, 0.00000000
5, 1.4202, 142, 0.09476824, 2.09062362, 0.12378130, 63.58604050, 16.65435028, 239.67034912, -42.56065369, 76.58579254, -100.87693787, 40.82769775, -5.88568211, -20.58889198, 0.92409527, -0.33413252, 0.10959133, 0.14964379, 1.12375855, 0.70692915, 0.25403088, 0.00000000, 0.00000000, 0.00000000, 0.00000000
5, 1.4302, 143, 0.03895225, 1.99025261, 0.02940057, 37.10369873, 41.91485977, 253.19328308, -40.07600021, 78.36889648, -101.11078644, 39.37937927, -3.74944139, -20.74616623, 0.92763197, -0.32569566, 0.09093139, 0.15859644, 1.08178425, 0.71994168, 0.11110654, 0.00000000, 0.00000000, 0.00000000, 0.00000000
5, 1.4402, 144, 0.05974072, 1.90875578, -0.04074279, 5.35756397, 63.82740402, 264.98587036, -37.79596710, 79.12890625, -101.14001465, 40.67377853, -7.88289213, -23.46954536, 0.92075503, -0.32636240, 0.13362107, 0.16686323, 0.99136436, 0.72629017, 0.05572458, 0.00000000, 0.00000000, 0.00000000, 0.00000000
5, 1.4502, 145, 0.17012253, 1.84306216, -0.05279527, -22.47637558, 75.03871155, 274.86120605, -35.13592529, 79.42121887, -101.22770691, 38.55287552, -5.97026539, -23.49247360, 0.92641568, -0.31276706, 0.11524283, 0.17507154, 0.83572817, 0.68717194, 0.11962630, 0.00000000, 0.00000000, 0.00000000, 0.00000000
5, 1.4602, 146, 0.28524786, 1.72678077, -0.09648126, -46.98682404, 76.83352661, 281.31506348, -32.76819611, 80.50277710, -100.87693787, 36.23523331, -4.13361025, -23.43677902, 0.93228370, -0.29732755, 0.09667933, 0.18192497, 0.70838398, 0.66660511, 0.12045793, 0.00000000, 0.00000000, 0.00000000, 0.00000000
5, 1.4702, 147, 0.38325760, 1.66404736, -0.13030295, -68.71377563, 67.92184448, 289.31857300, -32.76819611, 80.50277710, -100.87693787, 33.79260254, -2.30246425, -23.24001312, 0.93820912, -0.28075406, 0.07735906, 0.18696648, 0.62739789, 0.67991632, 0.13422768, 0.00000000, 0.00000000, 0.00000000, 0.00000000
5, 1.4802, 148, 0.38966528, 1.58577871, -0.06195515, -89.47293091, 60.34334946, 299.46215820, -29.78661156, 80.94124603, -100.29231262, 31.21964455, -0.44495815, -22.92134285, 0.94411373, -0.26297459, 0.05713066, 0.19034114, 0.64869130, 0.61251533, 0.10901156, 0.00000000, 0.00000000, 0.00000000, 0.00000000
5, 1.4902, 149, 0.34412327, 1.52249134, 0.01730898, -107.63745117, 59.04732132, 304.16671753, -27.15580177, 80.79508972, -99.03536987, 31.80278969, -4.19899035, -24.17647743, 0.94188017, -0.26034904, 0.09179009, 0.19145438, 0.69069326, 0.53905761, 0.06130218, 0.00000000, 0.00000000, 0.00000000, 0.00000000
5, 1.5002, 150, 0.32212365, 1.48280346, 0.09374326, -124.41861725, 57.39860916, 305.90087891, -24.34960556, 81.02893829, -98.18766022, 28.98563957, -2.41052461, -23.65819740, 0.94848764, -0.24071509, 0.07122236, 0.19327390, 0.68171495, 0.46164581, 0.05542088, 0.00000000, 0.00000000, 0.00000000, 0.00000000
5, 1.5102, 151, 0.39177617, 1.45282483, 0.14874567, -138.82635498, 51.72145462, 305.79119873, -21.39725113, 79.65506744, -97.13533783, 26.13352966, -0.62972003, -23.08666229, 0.95463896, -0.22043881, 0.05048594, 0.19370732, 0.68584865, 0.44419032, 0.09697845, 0.00000000, 0.00000000, 0.00000000, 0.00000000
